{
    "utterances": [
        {
            "text": "set red",
            "entities": [
                {
                    "entity": "color:color",
                    "start": 4,
                    "end": 7,
                    "body": "red",
                    "entities": []
                }
            ],
            "traits": [],
            "intent": "set_color"
        },
        {
            "text": "start analysis",
            "entities": [],
            "traits": []
        }
    ]
}
